product_name,department
smart watch,Fitness
perfect fitness perfect rip deck,Apparel
under armour girls' toddler spine surge runni,Golf
nike men's dri-fit victory golf polo,Golf
under armour men's compression ev sl slide,Footwear
under armour women's micro g skulpt running s,Footwear
nike men's free 5.0+ running shoe,Footwear
glove it women's mod oval 3-zip carry all gol,Outdoors
bridgestone e6 straight distance nfl san dieg,Outdoors
columbia men's pfg anchor tough t-shirt,Golf
titleist pro v1x golf balls,Outdoors
bridgestone e6 straight distance nfl tennesse,Outdoors
polar ft4 heart rate monitor,Outdoors
eno atlas hammock straps,Fan Shop
adidas men's f10 messi trx fg soccer cleat,Fitness
brooks women's ghost 6 running shoe,Footwear
nike men's cj elite 2 td football cleat,Apparel
diamondback women's serene classic comfort bi,Fan Shop
industrial consumer electronics,Technology
web camera,Technology
dell laptop,Technology
sole e25 elliptical,Fitness
elevation training mask 2.0,Fitness
adidas men's germany black crest away tee,Golf
team golf pittsburgh steelers putter grip,Outdoors
glove it urban brick golf towel,Outdoors
team golf texas longhorns putter grip,Outdoors
nike men's deutschland weltmeister winners bl,Golf
team golf st. louis cardinals putter grip,Outdoors
summer dresses,Apparel
porcelain crafts,Apparel
men's gala suit,Apparel
team golf tennessee volunteers putter grip,Outdoors
team golf san francisco giants putter grip,Outdoors
glove it imperial golf towel,Outdoors
nike men's comfort 2 slide,Fitness
under armour hustle storm medium duffle bag,Footwear
under armour kids' mercenary slide,Footwear
under armour women's ignite pip vi slide,Footwear
nike men's free tr 5.0 tb training shoe,Footwear
adidas youth germany black/red away match soc,Golf
tyr boys' team digi jammer,Golf
glove it women's imperial golf glove,Outdoors
titleist pro v1x high numbers golf balls,Outdoors
bridgestone e6 straight distance nfl carolina,Outdoors
under armour women's ignite slide,Footwear
titleist pro v1x high numbers personalized go,Outdoors
gopro hero3+ black edition camera,Footwear
total gym 1400,Apparel
children's heaters,Apparel
team golf new england patriots putter grip,Outdoors
adidas kids' f5 messi fg soccer cleat,Fitness
nike women's tempo shorts,Footwear
glove it women's mod oval golf glove,Outdoors
titleist pro v1 high numbers personalized gol,Outdoors
under armour men's tech ii t-shirt,Fitness
baby sweater,Apparel
mio alpha heart rate monitor/sport watch,Outdoors
field & stream sportsman 16 gun fire safe,Fan Shop
sports books,Book Shop
diamondback boys' insight 24 performance hybr,Fitness
polar loop activity tracker,Outdoors
garmin forerunner 910xt gps watch,Outdoors
dvds,Discs Shop
cds of rock,Discs Shop
nike kids' grade school kd vi basketball shoe,Fitness
nike women's free 5.0 tr fit prt 4 training s,Footwear
hirzl women's soffft flex golf glove,Outdoors
the north face women's recon backpack,Fan Shop
lawn mower,Outdoors
nike dri-fit crew sock 6 pack,Fitness
nike women's legend v-neck t-shirt,Fitness
garmin approach s4 golf gps watch,Outdoors
insta-bed neverflat air mattress,Fan Shop
nike men's kobe ix elite low basketball shoe,Golf
adult dog supplies,Pet Shop
first aid kit,Health and Beauty 
garmin approach s3 golf gps watch,Outdoors
rock music,Discs Shop
fighting video games,Discs Shop
fitbit the one wireless activity & sleep trac,Outdoors
stiga master series st3100 competition indoor,Fitness
diamondback girls' clarity 24 hybrid bike 201,Fitness
adidas brazuca 2014 official match ball,Fitness
golfbuddy vt3 gps watch,Outdoors
bushnell pro x7 jolt slope rangefinder,Outdoors
yakima doubledown ace hitch mount 4-bike rack,Footwear
nike men's fingertrap max training shoe,Fitness
bowflex selecttech 1090 dumbbells,Footwear
sole e35 elliptical,Footwear
hirzl women's hybrid golf glove,Outdoors
hirzl men's hybrid golf glove,Outdoors
taylormade 2014 purelite stand bag,Outdoors
bag boy beverage holder,Outdoors
bag boy m330 push cart,Outdoors
clicgear 8.0 shoe brush,Outdoors
titleist small wheeled travel cover,Outdoors
clicgear rovic cooler bag,Outdoors
titleist club glove travel cover,Outdoors
ogio race golf shoes,Outdoors
lija women's argyle golf polo,Outdoors
lija women's eyelet sleeveless golf polo,Outdoors
lija women's button golf dress,Outdoors
lija women's mid-length panel golf shorts,Outdoors
taylormade women's rbz sl rescue,Outdoors
cleveland golf women's 588 rtx cb satin chrom,Outdoors
top flite women's 2014 xl hybrid,Outdoors
mdgolf pittsburgh penguins putter,Outdoors
taylormade white smoke in-12 putter,Outdoors
cleveland golf collegiate my custom wedge 588,Outdoors
merrell men's all out flash trail running sho,Outdoors
merrell women's grassbow sport waterproof hik,Outdoors
merrell women's siren mid waterproof hiking b,Outdoors
merrell women's grassbow sport hiking shoe,Outdoors
toys,Fan Shop
pelican sunstream 100 kayak,Fan Shop
pelican maverick 100x kayak,Fan Shop
o'brien men's neoprene life vest,Fan Shop
