product_name,category
smart watch,sporting goods
perfect fitness perfect rip deck,cleats
under armour girls' toddler spine surge runni,shop by sport
nike men's dri-fit victory golf polo,women's apparel
under armour men's compression ev sl slide,electronics
under armour women's micro g skulpt running s,boxing & mma
nike men's free 5.0+ running shoe,cardio equipment
glove it women's mod oval 3-zip carry all gol,trade-in
bridgestone e6 straight distance nfl san dieg,electronics
columbia men's pfg anchor tough t-shirt,shop by sport
titleist pro v1x golf balls,electronics
bridgestone e6 straight distance nfl tennesse,electronics
polar ft4 heart rate monitor,kids' golf clubs
eno atlas hammock straps,hunting & shooting
adidas men's f10 messi trx fg soccer cleat,baseball & softball
brooks women's ghost 6 running shoe,boxing & mma
nike men's cj elite 2 td football cleat,men's footwear
diamondback women's serene classic comfort bi,camping & hiking
industrial consumer electronics,consumer electronics
web camera,cameras
dell laptop,computers
sole e25 elliptical,basketball
elevation training mask 2.0,soccer
adidas men's germany black crest away tee,girls' apparel
team golf pittsburgh steelers putter grip,accessories
glove it urban brick golf towel,trade-in
team golf texas longhorns putter grip,accessories
nike men's deutschland weltmeister winners bl,girls' apparel
team golf st. louis cardinals putter grip,accessories
summer dresses,women's clothing
porcelain crafts,crafts
men's gala suit,men's clothing
team golf tennessee volunteers putter grip,accessories
team golf san francisco giants putter grip,accessories
glove it imperial golf towel,trade-in
nike men's comfort 2 slide,tennis & racquet
under armour hustle storm medium duffle bag,fitness accessories
under armour kids' mercenary slide,electronics
under armour women's ignite pip vi slide,electronics
nike men's free tr 5.0 tb training shoe,as seen on  tv!
adidas youth germany black/red away match soc,girls' apparel
tyr boys' team digi jammer,girls' apparel
glove it women's imperial golf glove,golf balls
titleist pro v1x high numbers golf balls,electronics
bridgestone e6 straight distance nfl carolina,electronics
under armour women's ignite slide,electronics
titleist pro v1x high numbers personalized go,electronics
gopro hero3+ black edition camera,strength training
total gym 1400,cleats
children's heaters,children's clothing
team golf new england patriots putter grip,accessories
adidas kids' f5 messi fg soccer cleat,baseball & softball
nike women's tempo shorts,cardio equipment
glove it women's mod oval golf glove,golf balls
titleist pro v1 high numbers personalized gol,electronics
under armour men's tech ii t-shirt,lacrosse
baby sweater,baby
mio alpha heart rate monitor/sport watch,kids' golf clubs
field & stream sportsman 16 gun fire safe,fishing
sports books,books
diamondback boys' insight 24 performance hybr,basketball
polar loop activity tracker,kids' golf clubs
garmin forerunner 910xt gps watch,kids' golf clubs
dvds,dvds
cds of rock,cds
nike kids' grade school kd vi basketball shoe,lacrosse
nike women's free 5.0 tr fit prt 4 training s,boxing & mma
hirzl women's soffft flex golf glove,golf balls
the north face women's recon backpack,hunting & shooting
lawn mower,garden
nike dri-fit crew sock 6 pack,hockey
nike women's legend v-neck t-shirt,hockey
garmin approach s4 golf gps watch,kids' golf clubs
insta-bed neverflat air mattress,hunting & shooting
nike men's kobe ix elite low basketball shoe,shop by sport
adult dog supplies,pet supplies
first aid kit,health and beauty
garmin approach s3 golf gps watch,trade-in
rock music,music
fighting video games,video games
fitbit the one wireless activity & sleep trac,kids' golf clubs
stiga master series st3100 competition indoor,hockey
diamondback girls' clarity 24 hybrid bike 201,basketball
adidas brazuca 2014 official match ball,baseball & softball
golfbuddy vt3 gps watch,kids' golf clubs
bushnell pro x7 jolt slope rangefinder,kids' golf clubs
yakima doubledown ace hitch mount 4-bike rack,strength training
nike men's fingertrap max training shoe,soccer
bowflex selecttech 1090 dumbbells,fitness accessories
sole e35 elliptical,strength training
hirzl women's hybrid golf glove,golf balls
hirzl men's hybrid golf glove,golf balls
taylormade 2014 purelite stand bag,golf gloves
bag boy beverage holder,golf gloves
bag boy m330 push cart,golf gloves
clicgear 8.0 shoe brush,golf gloves
titleist small wheeled travel cover,golf gloves
clicgear rovic cooler bag,golf gloves
titleist club glove travel cover,golf gloves
ogio race golf shoes,golf bags & carts
lija women's argyle golf polo,golf shoes
lija women's eyelet sleeveless golf polo,golf shoes
lija women's button golf dress,golf shoes
lija women's mid-length panel golf shorts,golf shoes
taylormade women's rbz sl rescue,golf apparel
cleveland golf women's 588 rtx cb satin chrom,golf apparel
top flite women's 2014 xl hybrid,golf apparel
mdgolf pittsburgh penguins putter,women's golf clubs
taylormade white smoke in-12 putter,women's golf clubs
cleveland golf collegiate my custom wedge 588,women's golf clubs
merrell men's all out flash trail running sho,men's golf clubs
merrell women's grassbow sport waterproof hik,men's golf clubs
merrell women's siren mid waterproof hiking b,men's golf clubs
merrell women's grassbow sport hiking shoe,men's golf clubs
toys,toys
pelican sunstream 100 kayak,water sports
pelican maverick 100x kayak,water sports
o'brien men's neoprene life vest,indoor/outdoor games
